﻿<?xml version="1.0" encoding="utf-8"?>
<Deployment xmlns="http://schemas.microsoft.com/windowsphone/2009/deployment" AppPlatformVersion="7.1">
  <App xmlns="" ProductID="{ed817eab-5edf-4a11-a83a-84e7432a5d25}" Title="sdkBackgroundAudioStreamerCS" RuntimeType="Silverlight" Version="1.0.0.0" Genre="apps.normal" Author="sdkBackgroundAudioStreamerCS author" Description="Sample description" Publisher="sdkBackgroundAudioStreamerCS">
    <IconPath IsRelative="true" IsResource="false">ApplicationIcon.png</IconPath>
    <Capabilities>
      <Capability Name="ID_CAP_GAMERSERVICES" />
      <Capability Name="ID_CAP_IDENTITY_DEVICE" />
      <Capability Name="ID_CAP_IDENTITY_USER" />
      <Capability Name="ID_CAP_LOCATION" />
      <Capability Name="ID_CAP_MEDIALIB" />
      <Capability Name="ID_CAP_MICROPHONE" />
      <Capability Name="ID_CAP_NETWORKING" />
      <Capability Name="ID_CAP_PHONEDIALER" />
      <Capability Name="ID_CAP_PUSH_NOTIFICATION" />
      <Capability Name="ID_CAP_SENSORS" />
      <Capability Name="ID_CAP_WEBBROWSERCOMPONENT" />
      <Capability Name="ID_CAP_ISV_CAMERA" />
      <Capability Name="ID_CAP_CONTACTS" />
      <Capability Name="ID_CAP_APPOINTMENTS" />
    </Capabilities>
    <Tasks>
      <DefaultTask Name="_default" NavigationPage="MainPage.xaml" />
      <ExtendedTask Name="BackgroundTask">
        <BackgroundServiceAgent Specifier="AudioPlayerAgent" Name="AudioPlaybackAgent1" Source="AudioPlaybackAgent1" Type="AudioPlaybackAgent1.AudioPlayer" />
        <BackgroundServiceAgent Specifier="AudioStreamingAgent" Name="AudioStreamAgent1" Source="AudioStreamAgent1" Type="AudioStreamAgent1.AudioTrackStreamer" />
      </ExtendedTask>
    </Tasks>
    <Tokens>
      <PrimaryToken TokenID="sdkBackgroundAudioStreamerCSToken" TaskName="_default">
        <TemplateType5>
          <BackgroundImageURI IsRelative="true" IsResource="false">Background.png</BackgroundImageURI>
          <Count>0</Count>
          <Title>sdkBackgroundAudioStreamerCS</Title>
        </TemplateType5>
      </PrimaryToken>
    </Tokens>
  </App>
</Deployment>