﻿<?xml version="1.0" encoding="utf-8"?>
<VoiceCommands xmlns="http://schemas.microsoft.com/voicecommands/1.0">

  <CommandSet xml:lang="en-us" Name="myEnglishCommands">

    <CommandPrefix>Alarm Clock</CommandPrefix>

    <Example>Turn alarm (ON/OFF)</Example>

    <Command Name="alarmSetOn">
      <Example>Turn alarm ON</Example>
      <ListenFor>Turn alarm on</ListenFor>
      <Feedback>Turning alarm on</Feedback>
      <Navigate Target="MainPage.xaml"/>
    </Command>

    <Command Name="alarmSetOff">
      <Example>Turn alarm OFF</Example>
      <ListenFor>Turn alarm off</ListenFor>
      <Feedback>Turning alarm off</Feedback>
      <Navigate Target="MainPage.xaml"/>
    </Command>

    <Command Name="alarmTimeQuery">
      <Example>When is my alarm set for?</Example>
      <ListenFor>When is my alarm set for?</ListenFor>
      <Feedback>One moment while I check</Feedback>
      <Navigate Target="MainPage.xaml"/>
    </Command>

    <Command Name="alarmTimeSet">
      <Example>Set alarm to 7:30 am.</Example>
      <ListenFor>Set alarm to {hour} {minute} {ampm}</ListenFor>
      <Feedback>Setting the alarm clock</Feedback>
      <Navigate Target="MainPage.xaml"/>
    </Command>

    <PhraseList Label="hour">
      <Item>1</Item>
      <Item>2</Item>
      <Item>3</Item>
      <Item>4</Item>
      <Item>5</Item>
      <Item>6</Item>
      <Item>7</Item>
      <Item>8</Item>
      <Item>9</Item>
      <Item>10</Item>
      <Item>11</Item>
      <Item>12</Item>
    </PhraseList>

    <PhraseList Label="minute">
      <Item>o clock</Item>
      <Item>0</Item>
      <Item>1</Item>
      <Item>2</Item>
      <Item>3</Item>
      <Item>4</Item>
      <Item>5</Item>
      <Item>6</Item>
      <Item>7</Item>
      <Item>8</Item>
      <Item>9</Item>
      <Item>10</Item>
      <Item>11</Item>
      <Item>12</Item>
      <Item>13</Item>
      <Item>14</Item>
      <Item>15</Item>
      <Item>16</Item>
      <Item>17</Item>
      <Item>18</Item>
      <Item>19</Item>
      <Item>20</Item>
      <Item>21</Item>
      <Item>22</Item>
      <Item>23</Item>
      <Item>24</Item>
      <Item>25</Item>
      <Item>26</Item>
      <Item>27</Item>
      <Item>28</Item>
      <Item>29</Item>
      <Item>30</Item>
      <Item>31</Item>
      <Item>32</Item>
      <Item>33</Item>
      <Item>34</Item>
      <Item>35</Item>
      <Item>36</Item>
      <Item>37</Item>
      <Item>38</Item>
      <Item>39</Item>
      <Item>40</Item>
      <Item>41</Item>
      <Item>42</Item>
      <Item>43</Item>
      <Item>44</Item>
      <Item>45</Item>
      <Item>46</Item>
      <Item>47</Item>
      <Item>48</Item>
      <Item>49</Item>
      <Item>50</Item>
      <Item>51</Item>
      <Item>52</Item>
      <Item>53</Item>
      <Item>54</Item>
      <Item>55</Item>
      <Item>56</Item>
      <Item>57</Item>
      <Item>58</Item>
      <Item>59</Item>
    </PhraseList>

    <PhraseList Label="ampm">
      <Item>a.m.</Item>
      <Item>p.m.</Item>
    </PhraseList>
  </CommandSet>
</VoiceCommands>