﻿<?xml version="1.0" encoding="utf-8"?>
<Deployment xmlns="http://schemas.microsoft.com/windowsphone/2012/deployment" AppPlatformVersion="8.0">
  <DefaultLanguage xmlns="" code="en-US" />
  <App xmlns="" ProductID="{0d2eb7bb-ecc2-4bbc-9dde-cc303d92ae21}" Title="sdkImageRecipesWP8CS" RuntimeType="Silverlight" Version="1.0.0.0" Genre="apps.normal" Author="sdkImages author" Description="" Publisher="sdkImages" PublisherID="{b14413e6-7da5-4e70-96da-ece5abb692f9}">
    <IconPath IsRelative="true" IsResource="false">Assets\ApplicationIcon.png</IconPath>
    <Capabilities>
      <Capability Name="ID_CAP_NETWORKING" />
      <Capability Name="ID_CAP_MEDIALIB_AUDIO" />
      <Capability Name="ID_CAP_MEDIALIB_PLAYBACK" />
      <Capability Name="ID_CAP_SENSORS" />
      <Capability Name="ID_CAP_WEBBROWSERCOMPONENT" />
    </Capabilities>
    <Tasks>
      <DefaultTask Name="_default" NavigationPage="MainPage.xaml" />
    </Tasks>
    <Tokens>
      <PrimaryToken TokenID="sdkImagesToken" TaskName="_default">
        <TemplateIconic>
          <SmallImageURI IsRelative="true" IsResource="false">Assets\Tiles\IconicTileSmall.png</SmallImageURI>
          <Count>0</Count>
          <IconImageURI IsRelative="true" IsResource="false">Assets\Tiles\IconicTileMediumLarge.png</IconImageURI>
          <Title>Image Recipes</Title>
          <Message>
          </Message>
          <BackgroundColor>
          </BackgroundColor>
          <HasLarge>false</HasLarge>
          <LargeContent1>
          </LargeContent1>
          <LargeContent2>
          </LargeContent2>
          <LargeContent3>
          </LargeContent3>
          <DeviceLockImageURI IsRelative="true" IsResource="false">
          </DeviceLockImageURI>
        </TemplateIconic>
      </PrimaryToken>
    </Tokens>
    <ScreenResolutions>
      <ScreenResolution Name="ID_RESOLUTION_WVGA" />
      <ScreenResolution Name="ID_RESOLUTION_WXGA" />
      <ScreenResolution Name="ID_RESOLUTION_HD720P" />
    </ScreenResolutions>
  </App>
</Deployment>