﻿<?xml version="1.0" encoding="utf-8"?>
<Deployment xmlns="http://schemas.microsoft.com/windowsphone/2012/deployment" AppPlatformVersion="8.0">
  <DefaultLanguage xmlns="" code="en-US" />
  <App xmlns="" ProductID="{7169bc56-350d-46cc-b3fe-f1986cec4834}" Title="Microsoft Store" RuntimeType="Silverlight" Version="1.0.0.0" Genre="apps.normal" Author="sdkHybridWebAppWP8CS author" Description="Sample description" Publisher="sdkHybridWebAppWP8CS" PublisherID="{00a35363-f772-44f9-9356-b33fb26f52cd}">
    <IconPath IsRelative="true" IsResource="false">Assets\ApplicationIcon.png</IconPath>
    <Capabilities>
      <Capability Name="ID_CAP_NETWORKING" />
      <Capability Name="ID_CAP_MEDIALIB_AUDIO" />
      <Capability Name="ID_CAP_MEDIALIB_PLAYBACK" />
      <Capability Name="ID_CAP_SENSORS" />
      <Capability Name="ID_CAP_WEBBROWSERCOMPONENT" />
      <Capability Name="ID_CAP_LOCATION" />
    </Capabilities>
    <Tasks>
      <DefaultTask Name="_default" NavigationPage="MainPage.xaml" ActivationPolicy="Resume" />
    </Tasks>
    <Tokens>
      <PrimaryToken TokenID="sdkHybridWebAppWP8CSToken" TaskName="_default">
        <TemplateIconic>
          <SmallImageURI IsRelative="true" IsResource="false">Assets\Tiles\IconicTileSmall.png</SmallImageURI>
          <Count>0</Count>
          <IconImageURI IsRelative="true" IsResource="false">Assets\Tiles\IconicTileMediumLarge.png</IconImageURI>
          <Title>Microsoft Store</Title>
          <Message>
          </Message>
          <BackgroundColor>
          </BackgroundColor>
          <HasLarge>false</HasLarge>
          <LargeContent1>
          </LargeContent1>
          <LargeContent2>
          </LargeContent2>
          <LargeContent3>
          </LargeContent3>
          <DeviceLockImageURI IsRelative="true" IsResource="false">
          </DeviceLockImageURI>
        </TemplateIconic>
      </PrimaryToken>
    </Tokens>
    <ScreenResolutions>
      <ScreenResolution Name="ID_RESOLUTION_WVGA" />
      <ScreenResolution Name="ID_RESOLUTION_WXGA" />
      <ScreenResolution Name="ID_RESOLUTION_HD720P" />
    </ScreenResolutions>
  </App>
</Deployment>