﻿<resources>
  <style name="CustomTheme" parent="android:Theme.Light">
    <item name="android:windowTitleSize">1px</item>
    <item name="android:windowContentOverlay">@null</item>

    <!--item name="android:textAppearance">@style/DefaultTextAppearance</item-->
  </style>

  <style name="Theme.Splash" parent="android:Theme">
    <item name="android:windowBackground">@drawable/splash</item>
    <item name="android:windowNoTitle">true</item>
  </style>



  <!--
  <style name="DefaultTextAppearance" parent="@android:style/TextAppearance">
    <item name="android:textSize">12sp</item>
    <item name="android:textColor">#333</item>
    <item name="android:textStyle">bold</item>
  </style>


  <style name="ListItemTitle">
    <item name="android:textAppearance">?android:attr/textAppearanceLarge</item>
  </style>
  
  <style name="ListItemSubtitle">
    <item name="android:textAppearance">?android:attr/textAppearanceSmall</item>
    <item name="android:textColor">?android:attr/textColorSecondary</item>
  </style>
  -->
</resources>